{"bids": [[110910.04, 15.45887], [110909.69, 0.0001], [110909.68, 0.05494], [110909.59, 0.0001], [110908.94, 0.0001], [110908.93, 0.22114], [110908.83, 5e-05], [110908.79, 0.0001], [110908.78, 0.79326], [110908.77, 0.48957], [110908.61, 5e-05], [110908.59, 0.0001], [110908.58, 0.08671], [110908.57, 0.45062], [110908.0, 5e-05], [110907.87, 0.00732], [110907.82, 0.08041], [110907.6, 0.04005], [110907.15, 0.00044], [110906.89, 5e-05], [110906.73, 0.76968], [110905.98, 0.00044], [110905.87, 0.07059], [110905.65, 5e-05], [110905.0, 0.00088], [110904.04, 1.71882], [110903.92, 0.03127], [110903.56, 0.05071], [110903.3, 1.67066], [110903.29, 0.46039], [110903.28, 0.29763], [110903.27, 0.14001], [110903.16, 0.0005], [110902.93, 0.10733], [110902.4, 0.0001], [110902.39, 0.10823], [110902.34, 0.00088], [110901.87, 0.01701], [110901.72, 0.00096], [110901.18, 0.18051], [110901.02, 0.0905], [110900.59, 1.71882], [110900.52, 0.50538], [110900.51, 1.24847], [110900.41, 5e-05], [110900.1, 5e-05], [110900.07, 5e-05], [110900.0, 0.07171], [110899.99, 0.00267], [110899.72, 0.0001], [110898.43, 0.0062], [110898.2, 0.2707], [110897.91, 1.10072], [110897.9, 0.32459], [110897.49, 0.00057], [110896.86, 0.08753], [110896.8, 0.0001], [110896.35, 0.46484], [110896.29, 5e-05], [110896.19, 0.0001], [110896.18, 0.00096], [110895.87, 0.00203], [110895.84, 0.00044], [110895.81, 0.5414], [110895.62, 0.06], [110895.51, 0.00722], [110894.64, 0.2707], [110894.55, 5e-05], [110894.47, 0.45052], [110894.46, 0.5414], [110894.44, 5e-05], [110894.18, 5e-05], [110894.15, 0.08489], [110894.0, 0.116], [110893.91, 2.10502], [110893.9, 1.71877], [110893.57, 0.46034], [110893.55, 0.5414], [110893.4, 0.003], [110893.07, 0.2707], [110892.85, 0.00605], [110892.5, 0.022], [110892.47, 7e-05], [110892.46, 0.1007], [110892.19, 0.00096], [110891.84, 0.0001], [110891.42, 0.1113], [110891.38, 0.0901], [110891.35, 0.0795], [110891.31, 0.0742], [110891.2, 0.0001], [110890.78, 0.00206], [110890.44, 0.46034], [110890.4, 1.71877], [110890.34, 0.088], [110890.24, 0.00135], [110889.6, 0.01793], [110889.42, 0.00016], [110889.41, 5e-05], [110889.14, 0.112]], "asks": [[110910.05, 0.36013], [110910.06, 0.0006], [110910.55, 0.0001], [110913.47, 5e-05], [110913.6, 5e-05], [110913.62, 5e-05], [110913.68, 0.0064], [110913.76, 0.0001], [110913.77, 0.02952], [110914.49, 5e-05], [110914.62, 7e-05], [110915.59, 0.00016], [110915.6, 0.00156], [110916.34, 5e-05], [110916.65, 0.0001], [110916.66, 0.06424], [110916.91, 5e-05], [110917.16, 5e-05], [110918.09, 5e-05], [110918.12, 0.0001], [110918.13, 0.26079], [110918.14, 0.29759], [110918.37, 0.00084], [110918.39, 0.02711], [110918.57, 0.00906], [110918.63, 0.0221], [110918.88, 0.00916], [110918.93, 5e-05], [110918.94, 0.04893], [110918.95, 0.05305], [110919.01, 0.05305], [110919.1, 0.04002], [110919.2, 0.00015], [110919.9, 0.0001], [110919.93, 0.05305], [110919.95, 0.0531], [110920.21, 0.04147], [110920.34, 5e-05], [110920.64, 5e-05], [110920.78, 0.05469], [110921.04, 0.053], [110921.13, 5e-05], [110921.14, 0.00156], [110921.37, 0.05133], [110921.88, 5e-05], [110922.05, 0.08], [110922.27, 0.053], [110922.3, 5e-05], [110922.68, 0.32452], [110923.07, 0.30683], [110923.26, 0.08], [110923.28, 0.0007], [110923.38, 0.053], [110923.68, 0.00324], [110923.78, 5e-05], [110923.89, 0.0001], [110923.91, 0.00084], [110924.24, 0.09017], [110924.47, 0.053], [110924.48, 0.053], [110924.8, 0.0001], [110925.23, 0.00151], [110925.47, 5e-05], [110925.69, 7e-05], [110926.5, 0.0007], [110926.53, 0.00073], [110926.63, 0.053], [110926.69, 0.3245], [110926.8, 0.002], [110927.08, 0.06761], [110927.42, 5e-05], [110927.85, 5e-05], [110928.01, 0.46034], [110928.07, 0.07047], [110928.85, 1.24556], [110928.86, 1.71877], [110929.43, 0.0001], [110929.52, 0.07046], [110929.68, 0.00022], [110929.82, 0.05468], [110930.23, 0.46034], [110930.24, 0.04736], [110930.4, 0.0001], [110930.83, 0.32449], [110931.02, 0.00084], [110931.64, 0.32449], [110932.24, 0.01825], [110932.25, 0.855], [110932.39, 0.45116], [110932.96, 5e-05], [110933.0, 0.061], [110933.4, 5e-05], [110933.7, 0.0045], [110933.71, 2.463], [110933.72, 0.72186], [110933.73, 0.00028], [110933.79, 9e-05], [110933.8, 0.003], [110933.86, 0.0001], [110934.08, 2.27509]], "qty_step_size": 0.01, "min_qty_to_purchase": 0.01}